cases_new,cases_new,cases_import,cases_recovered,cases_active,cases_cluster,cases_pvax,cases_fvax,cases_child,cases_adolescent,cases_adult,cluster_elderly,cluster_import,cluster_religious,cluster_community,cluster_HighRisk,cluster_education,cluster_detentionCentre,cluster_workplace
25/1/2020,4,4,0,4,0,0,0,0,0,1,0,,,,,,,
26/1/2020,0,0,0,4,0,0,0,0,0,0,0,,,,,,,
27/1/2020,0,0,0,4,0,0,0,0,0,0,0,,,,,,,
28/1/2020,0,0,0,4,0,0,0,0,0,0,0,,,,,,,
29/1/2020,3,3,0,7,0,0,0,1,0,2,0,,,,,,,
30/1/2020,1,1,0,8,0,0,0,0,0,1,0,,,,,,,
31/1/2020,0,0,0,8,0,0,0,0,0,0,0,,,,,,,
1/2/2020,0,0,0,8,0,0,0,0,0,0,0,,,,,,,
2/2/2020,0,0,0,8,0,0,0,0,0,0,0,,,,,,,
3/2/2020,0,0,0,8,0,0,0,0,0,0,0,,,,,,,
4/2/2020,2,2,0,10,0,0,0,0,0,1,1,,,,,,,
5/2/2020,2,2,1,11,0,0,0,1,0,1,0,,,,,,,
6/2/2020,2,1,0,13,0,0,0,0,0,2,0,,,,,,,
7/2/2020,1,1,0,14,0,0,0,0,0,1,0,,,,,,,
8/2/2020,1,1,1,14,0,0,0,0,0,0,1,,,,,,,
9/2/2020,1,0,1,14,0,0,0,0,0,0,1,,,,,,,
10/2/2020,1,1,0,15,0,0,0,0,0,1,0,,,,,,,
11/2/2020,0,0,0,15,0,0,0,0,0,0,0,,,,,,,
12/2/2020,0,0,0,15,0,0,0,0,0,0,0,,,,,,,
13/2/2020,0,0,0,15,0,0,0,0,0,0,0,,,,,,,
14/2/2020,1,1,4,12,0,0,0,0,0,1,0,,,,,,,
15/2/2020,3,3,1,14,0,0,0,0,0,2,1,,,,,,,
16/2/2020,0,0,0,14,0,0,0,0,0,0,0,,,,,,,
17/2/2020,0,0,3,11,0,0,0,0,0,0,0,,,,,,,
18/2/2020,0,0,2,9,0,0,0,0,0,0,0,,,,,,,
19/2/2020,0,0,4,5,0,0,0,0,0,0,0,,,,,,,
20/2/2020,0,0,0,5,0,0,0,0,0,0,0,,,,,,,
21/2/2020,0,0,0,5,0,0,0,0,0,0,0,,,,,,,
22/2/2020,0,0,1,4,0,0,0,0,0,0,0,,,,,,,
23/2/2020,0,0,0,4,0,0,0,0,0,0,0,,,,,,,
24/2/2020,0,0,2,2,0,0,0,0,0,0,0,,,,,,,
25/2/2020,0,0,0,2,0,0,0,0,0,0,0,,,,,,,
26/2/2020,0,0,0,2,0,0,0,0,0,0,0,,,,,,,
27/2/2020,1,1,2,1,0,0,0,0,0,1,0,,,,,,,
28/2/2020,2,2,0,3,0,0,0,0,0,2,0,,,,,,,
29/2/2020,0,0,0,3,0,0,0,0,0,0,0,,,,,,,
1/3/2020,4,1,0,7,0,0,0,0,0,4,0,,,,,,,
2/3/2020,0,0,0,7,0,0,0,0,0,0,0,,,,,,,
3/3/2020,7,1,0,14,0,0,0,0,0,7,0,,,,,,,
4/3/2020,14,0,1,27,0,0,0,0,0,10,4,,,,,,,
5/3/2020,5,0,0,32,0,0,0,1,0,3,1,,,,,,,
6/3/2020,28,1,0,60,0,0,0,1,1,23,3,,,,,,,
7/3/2020,10,2,1,69,0,0,0,0,1,7,2,,,,,,,
8/3/2020,6,0,1,74,0,0,0,1,0,5,0,,,,,,,
9/3/2020,18,2,1,91,0,0,0,0,1,12,5,,,,,,,
10/3/2020,12,0,0,103,0,0,0,0,0,11,1,,,,,,,
11/3/2020,20,3,1,122,2,0,0,1,1,10,8,,,,,,,
12/3/2020,9,1,6,125,4,0,0,0,0,6,3,,,,,,,
13/3/2020,39,1,0,164,34,0,0,0,0,31,8,,,,,,,
14/3/2020,41,1,4,201,35,0,0,0,0,33,8,,,,,,,
15/3/2020,190,2,5,386,175,0,0,3,3,125,50,,,,,,,
16/3/2020,125,6,0,511,108,0,0,4,3,85,30,,,,,,,
17/3/2020,120,3,7,622,109,0,0,5,3,90,22,,,,,,,
18/3/2020,117,8,11,728,96,0,0,4,8,79,25,,,,,,,
19/3/2020,110,5,15,823,85,0,0,6,6,78,20,,,,,,,
20/3/2020,130,6,12,940,111,0,0,2,6,97,22,,,,,,,
21/3/2020,153,11,27,1062,109,0,0,7,3,106,34,,,,,,,
22/3/2020,123,21,25,1156,86,0,0,2,6,96,19,,,,,,,
23/3/2020,212,29,20,1343,159,0,0,2,4,155,35,,,,,,,
24/3/2020,106,19,24,1423,69,0,0,3,7,73,18,,,,,,,
25/3/2020,172,35,16,1576,114,0,0,4,6,112,45,,,,,,,
26/3/2020,235,27,16,1790,154,0,0,12,17,166,35,,,,,,,
27/3/2020,130,19,44,1874,68,0,0,7,3,95,23,,,,,,,
28/3/2020,159,22,61,1966,102,0,0,5,9,112,32,,,,,,,
29/3/2020,150,17,68,2043,93,0,0,4,6,110,27,,,,,,,
30/3/2020,156,16,90,2105,105,0,0,8,7,119,20,,,,,,,
31/3/2020,140,17,58,2182,80,0,0,4,7,100,28,,,,,,,
1/4/2020,142,15,108,2214,70,0,0,7,10,104,20,,,,,,,
2/4/2020,208,36,122,2298,99,0,0,8,12,142,38,,,,,,,
3/4/2020,217,21,60,2450,129,0,0,6,17,166,25,,,,,,,
4/4/2020,150,17,88,2509,109,0,0,2,7,112,15,,,,,,,
5/4/2020,179,21,90,2596,95,0,0,17,19,115,22,,,,,,,
6/4/2020,131,19,236,2489,80,0,0,13,5,78,30,,,,,,,
7/4/2020,170,19,80,2578,77,0,0,13,13,114,22,,,,,,,
8/4/2020,156,20,166,2567,61,0,0,8,19,102,26,,,,,,,
9/4/2020,109,20,121,2553,53,0,0,4,4,85,15,,,,,,,
10/4/2020,118,20,222,2446,56,0,0,2,11,84,20,,,,,,,
11/4/2020,184,10,165,2462,114,0,0,14,9,116,18,,,,,,,
12/4/2020,153,14,113,2497,86,0,0,13,7,85,17,,,,,,,
13/4/2020,134,8,168,2462,69,0,0,3,12,99,9,,,,,,,
14/4/2020,170,12,202,2427,115,0,0,6,10,126,23,,,,,,,
15/4/2020,85,4,169,2341,51,0,0,3,3,55,24,,,,,,,
16/4/2020,110,3,119,2330,49,0,0,15,15,63,15,,,,,,,
17/4/2020,69,6,201,2197,37,0,0,8,6,44,8,,,,,,,
18/4/2020,54,6,135,2116,36,0,0,4,3,39,8,,,,,,,
19/4/2020,84,48,95,2104,17,0,0,4,6,67,3,,,,,,,
20/4/2020,36,13,98,2041,5,0,0,2,3,26,5,,,,,,,
21/4/2020,57,18,54,2042,15,0,0,1,9,43,4,,,,,,,
22/4/2020,50,5,103,1987,24,0,0,0,4,33,5,,,,,,,
23/4/2020,71,20,90,1967,42,0,0,2,4,39,4,,,,,,,
24/4/2020,88,15,121,1933,67,0,0,3,7,37,2,,,,,,,
25/4/2020,51,4,99,1883,40,0,0,2,3,19,6,,,,,,,
26/4/2020,38,5,100,1821,25,0,0,1,2,22,8,,,,,,,
27/4/2020,40,5,95,1765,17,0,0,4,0,18,2,,,,,,,
28/4/2020,31,10,75,1720,7,0,0,1,1,17,4,,,,,,,
29/4/2020,94,72,55,1758,13,0,0,0,9,81,1,,,,,,,
30/4/2020,57,26,84,1729,8,0,0,3,3,45,5,,,,,,,
1/5/2020,69,12,39,1759,5,0,0,1,3,35,1,,,,,,,
2/5/2020,105,11,116,1747,53,0,0,6,4,86,5,,,,,,,
3/5/2020,122,52,87,1781,21,0,0,2,18,89,3,,,,,,,
4/5/2020,55,7,71,1765,27,0,0,2,3,43,0,,,,,,,
5/5/2020,30,1,83,1710,22,0,0,0,0,23,2,,,,,,,
6/5/2020,45,1,135,1620,28,0,0,0,3,34,5,,,,,,,
7/5/2020,39,1,74,1584,27,0,0,0,2,25,4,,,,,,,
8/5/2020,68,4,88,1564,57,0,0,0,1,65,1,,,,,,,
9/5/2020,54,1,65,1552,31,0,0,0,0,47,1,,,,,,,
10/5/2020,67,0,96,1522,47,0,0,1,5,57,1,,,,,,,
11/5/2020,70,13,88,1504,3,0,0,5,3,56,4,,,,,,,
12/5/2020,16,3,110,1409,2,0,0,0,0,8,1,,,,,,,
13/5/2020,37,4,58,1386,25,0,0,2,0,32,2,,,,,,,
14/5/2020,40,0,70,1356,5,0,0,0,2,23,0,,,,,,,
15/5/2020,36,1,88,1304,14,0,0,0,1,21,4,,,,,,,
16/5/2020,17,6,73,1248,0,0,0,1,1,14,1,,,,,,,
17/5/2020,22,5,59,1211,12,0,0,0,1,17,1,,,,,,,
18/5/2020,47,21,44,1213,2,0,0,0,1,36,2,,,,,,,
19/5/2020,37,2,31,1219,1,0,0,1,1,22,5,,,,,,,
20/5/2020,31,10,60,1190,0,0,0,1,1,24,1,,,,,,,
21/5/2020,50,3,90,1149,0,0,0,0,2,12,1,,,,,,,
22/5/2020,78,26,63,1164,13,0,0,0,8,39,2,,,,,,,
23/5/2020,48,4,53,1159,2,0,0,2,0,41,4,,,,,,,
24/5/2020,60,7,33,1186,8,0,0,1,3,51,2,,,,,,,
25/5/2020,172,5,34,1324,0,0,0,0,2,89,2,,,,,,,
26/5/2020,187,10,62,1449,0,0,0,1,1,107,2,,,,,,,
27/5/2020,15,6,42,1422,0,0,0,1,0,12,0,,,,,,,
28/5/2020,10,0,86,1346,0,0,0,0,1,5,0,,,,,,,
29/5/2020,103,7,66,1383,1,0,0,1,3,71,1,,,,,,,
30/5/2020,30,3,95,1318,4,0,0,0,3,10,4,,,,,,,
31/5/2020,57,10,23,1352,17,0,0,1,2,48,1,,,,,,,
1/6/2020,38,26,51,1339,1,0,0,3,1,31,0,,,,,,,
2/6/2020,20,15,66,1293,0,0,0,1,0,19,0,,,,,,,
3/6/2020,93,0,61,1325,0,0,0,1,29,57,0,,,,,,,
4/6/2020,277,2,28,1573,1,0,0,1,3,255,2,,,,,,,
5/6/2020,19,7,51,1540,1,0,0,3,2,11,1,,,,,,,
6/6/2020,37,8,25,1552,2,0,0,3,3,23,1,,,,,,,
7/6/2020,19,6,39,1532,0,0,0,0,4,12,2,,,,,,,
8/6/2020,7,2,20,1519,2,0,0,1,0,6,0,,,,,,,
9/6/2020,7,6,281,1245,0,0,0,0,0,6,0,,,,,,,
10/6/2020,2,1,39,1207,0,0,0,0,0,2,0,,,,,,,
11/6/2020,31,11,51,1186,1,0,0,0,1,28,0,,,,,,,
12/6/2020,33,16,103,1114,0,0,0,1,1,24,1,,,,,,,
13/6/2020,43,5,143,1014,1,0,0,12,8,21,2,,,,,,,
14/6/2020,8,2,35,987,1,0,0,0,0,3,1,,,,,,,
15/6/2020,41,3,54,974,5,0,0,7,3,27,2,,,,,,,
16/6/2020,11,1,333,652,4,0,0,0,1,9,0,,,,,,,
17/6/2020,10,0,140,522,6,0,0,2,1,4,3,,,,,,,
18/6/2020,14,3,127,409,2,0,0,0,0,13,1,,,,,,,
19/6/2020,6,2,70,345,1,0,0,0,1,4,1,,,,,,,
20/6/2020,21,2,76,290,9,0,0,0,6,5,3,,,,,,,
21/6/2020,16,3,10,296,2,0,0,0,0,14,2,,,,,,,
22/6/2020,15,2,21,290,0,0,0,0,0,15,0,,,,,,,
23/6/2020,3,0,9,284,2,0,0,0,0,2,1,,,,,,,
24/6/2020,6,2,45,245,2,0,0,0,1,5,0,,,,,,,
25/6/2020,4,3,40,209,0,0,0,0,0,3,1,,,,,,,
26/6/2020,6,5,23,192,0,0,0,0,1,4,1,,,,,,,
27/6/2020,10,4,14,188,0,0,0,1,2,7,0,,,,,,,
28/6/2020,18,4,10,196,0,0,0,1,0,17,0,,,,,,,
29/6/2020,3,1,16,183,0,0,0,1,0,2,0,,,,,,,
30/6/2020,2,1,20,165,0,0,0,0,0,2,0,,,,,,,
1/7/2020,1,1,21,145,0,0,0,0,0,1,0,,,,,,,
2/7/2020,3,1,62,86,1,0,0,0,0,3,0,,,,,,,
3/7/2020,5,3,9,82,0,0,0,0,0,4,1,,,,,,,
4/7/2020,10,7,15,77,0,0,0,4,0,6,0,,,,,,,
5/7/2020,5,3,4,78,0,0,0,1,0,3,1,,,,,,,
6/7/2020,5,3,11,72,1,0,0,0,0,5,0,,,,,,,
7/7/2020,6,4,5,73,0,0,0,0,0,6,0,,,,,,,
8/7/2020,3,3,5,71,0,0,0,0,0,3,0,,,,,,,
9/7/2020,6,6,13,64,0,0,0,1,1,4,0,,,,,,,
10/7/2020,13,8,12,64,0,0,0,0,3,9,1,,,,,,,
11/7/2020,8,4,4,68,0,0,0,0,0,6,2,,,,,,,
12/7/2020,14,3,4,78,0,0,0,0,0,12,0,,,,,,,
13/7/2020,7,6,1,84,1,0,0,0,0,6,1,,,,,,,
14/7/2020,4,4,4,84,0,0,0,0,0,4,0,,,,,,,
15/7/2020,5,1,2,87,2,0,0,0,0,5,0,,,,,,,
16/7/2020,3,1,12,78,2,0,0,0,0,3,0,,,,,,,
17/7/2020,18,10,3,92,8,0,0,3,0,12,3,,,,,,,
18/7/2020,9,4,5,96,0,0,0,0,0,6,3,,,,,,,
19/7/2020,15,4,7,104,5,0,0,0,0,12,2,,,,,,,
20/7/2020,21,6,2,123,13,0,0,1,0,9,10,,,,,,,
21/7/2020,15,4,7,131,0,0,0,0,1,13,1,,,,,,,
22/7/2020,16,8,4,143,0,0,0,0,0,12,4,,,,,,,
23/7/2020,9,3,8,144,0,0,0,0,0,8,1,,,,,,,
24/7/2020,21,5,3,162,2,0,0,0,1,17,3,,,,,,,
25/7/2020,23,6,17,168,2,0,0,0,0,20,3,,,,,,,
26/7/2020,13,3,6,174,0,0,0,1,0,12,0,,,,,,,
27/7/2020,7,4,1,180,0,0,0,1,0,5,1,,,,,,,
28/7/2020,39,11,6,213,1,0,0,3,1,30,4,,,,,,,
29/7/2020,13,8,5,220,0,0,0,0,1,11,1,,,,,,,
30/7/2020,8,3,5,223,0,0,0,0,0,5,3,,,,,,,
31/7/2020,12,5,27,208,0,0,0,0,0,11,1,,,,,,,
1/8/2020,9,7,3,214,0,0,0,0,0,6,3,,,,,,,
2/8/2020,14,1,17,211,0,0,0,4,1,9,0,,,,,,,
3/8/2020,2,0,4,209,0,0,0,0,0,1,1,,,,,,,
4/8/2020,1,0,16,194,0,0,0,0,0,1,0,,,,,,,
5/8/2020,21,15,18,197,0,0,0,2,1,16,2,,,,,,,
6/8/2020,15,5,11,201,0,0,0,2,0,12,1,,,,,,,
7/8/2020,25,9,15,211,1,0,0,3,2,18,2,,,,,,,
8/8/2020,7,6,47,171,0,0,0,0,0,7,0,,,,,,,
9/8/2020,13,9,9,175,1,0,0,0,0,12,1,,,,,,,
10/8/2020,11,5,19,166,0,0,0,1,0,10,0,,,,,,,
11/8/2020,9,5,6,169,0,0,0,0,0,8,1,,,,,,,
12/8/2020,11,8,8,172,2,0,0,0,0,9,2,,,,,,,
13/8/2020,15,4,4,183,9,0,0,0,2,12,1,,,,,,,
14/8/2020,20,7,7,196,13,0,0,1,0,18,1,,,,,,,
15/8/2020,26,3,3,219,16,0,0,4,1,18,3,,,,,,,
16/8/2020,25,16,28,216,6,0,0,3,1,20,0,,,,,,,
17/8/2020,12,2,17,211,9,0,0,1,2,7,2,,,,,,,
18/8/2020,7,4,26,192,3,0,0,3,1,2,1,,,,,,,
19/8/2020,16,4,23,185,11,0,0,2,1,10,3,,,,,,,
20/8/2020,5,5,7,183,0,0,0,0,0,5,0,,,,,,,
21/8/2020,9,4,13,179,3,0,0,1,0,8,0,,,,,,,
22/8/2020,8,3,4,183,5,0,0,0,1,7,0,,,,,,,
23/8/2020,10,8,10,183,2,0,0,0,0,9,1,,,,,,,
24/8/2020,7,2,6,184,0,0,0,0,0,7,0,,,,,,,
25/8/2020,11,2,6,189,6,0,0,2,4,3,2,,,,,,,
26/8/2020,6,1,7,188,5,0,0,3,0,2,1,,,,,,,
27/8/2020,5,2,16,177,0,0,0,0,0,4,1,,,,,,,
28/8/2020,10,8,36,151,2,0,0,1,0,8,1,,,,,,,
29/8/2020,11,10,8,153,0,0,0,0,1,6,4,,,,,,,
30/8/2020,17,15,10,159,1,0,0,4,0,13,0,,,,,,,
31/8/2020,6,4,6,159,2,0,0,1,0,4,1,,,,,,,
1/9/2020,14,5,21,151,9,0,0,1,1,11,1,,,,,,,
2/9/2020,6,4,4,153,1,0,0,0,0,6,0,,,,,,,
3/9/2020,14,4,4,163,8,0,0,2,2,8,2,,,,,,,
4/9/2020,11,7,9,165,3,0,0,1,0,9,1,,,,,,,
5/9/2020,6,4,21,150,1,0,0,0,0,5,1,,,,,,,
6/9/2020,6,3,2,154,2,0,0,1,0,4,1,,,,,,,
7/9/2020,62,6,9,207,54,0,0,1,3,56,2,,,,,,,
8/9/2020,100,15,12,295,85,0,0,7,2,90,1,,,,,,,
9/9/2020,24,6,7,312,17,0,0,4,3,13,4,,,,,,,
10/9/2020,45,1,24,333,43,0,0,2,1,41,1,,,,,,,
11/9/2020,182,1,14,501,181,0,0,3,0,176,3,,,,,,,
12/9/2020,58,5,8,551,53,0,0,5,1,47,5,,,,,,,
13/9/2020,47,2,7,591,24,0,0,0,1,41,5,,,,,,,
14/9/2020,31,3,7,614,19,0,0,1,2,23,5,,,,,,,
15/9/2020,23,10,6,631,13,0,0,3,4,16,0,,,,,,,
16/9/2020,62,1,26,667,51,0,0,4,4,53,1,,,,,,,
17/9/2020,21,5,15,673,9,0,0,1,0,15,5,,,,,,,
18/9/2020,95,4,14,753,87,0,0,13,3,71,7,,,,,,,
19/9/2020,20,3,51,721,10,0,0,7,1,10,2,,,,,,,
20/9/2020,52,12,40,733,33,0,0,4,2,43,3,,,,,,,
21/9/2020,57,6,40,750,39,0,0,11,7,35,3,,,,,,,
22/9/2020,82,10,168,663,67,0,0,7,5,69,1,,,,,,,
23/9/2020,147,4,39,769,130,0,0,7,3,131,6,,,,,,,
24/9/2020,72,2,64,777,63,0,0,3,7,40,8,,,,,,,
25/9/2020,110,4,30,857,95,0,0,6,18,75,11,,,,,,,
26/9/2020,82,3,89,849,64,0,0,3,1,75,3,,,,,,,
27/9/2020,150,4,50,948,124,0,0,19,28,80,6,,,,,,,
28/9/2020,115,3,54,1008,96,0,0,10,9,84,12,,,,,,,
29/9/2020,101,4,50,1059,66,0,0,5,5,76,7,,,,,,,
30/9/2020,89,3,28,1120,41,0,0,6,0,73,10,,,,,,,
1/10/2020,260,1,47,1333,212,0,0,45,16,136,15,,,,,,,
2/10/2020,287,0,81,1536,205,0,0,5,0,255,14,,,,,,,
3/10/2020,317,0,121,1731,185,0,0,28,2,258,15,,,,,,,
4/10/2020,293,1,67,1955,179,0,0,7,3,258,12,,,,,,,
5/10/2020,432,3,57,2327,325,0,0,15,14,365,17,,,,,,,
6/10/2020,691,3,87,2930,487,0,0,27,10,614,33,,,,,,,
7/10/2020,489,2,74,3342,230,0,0,29,8,401,46,,,,,,,
8/10/2020,375,4,18,3694,128,0,0,32,13,262,51,,,,,,,
9/10/2020,354,2,188,3856,167,0,0,27,13,282,31,,,,,,,
10/10/2020,374,2,73,4154,157,0,0,29,13,296,33,,,,,,,
11/10/2020,561,8,133,4579,152,0,0,48,36,405,58,,,,,,,
12/10/2020,563,1,109,5030,293,0,0,39,10,299,38,,,,,,,
13/10/2020,660,2,350,5336,284,0,0,48,31,491,84,,,,,,,
14/10/2020,660,6,233,5759,297,0,0,74,32,498,54,,,,,,,
15/10/2020,589,3,409,5936,297,0,0,55,34,355,82,,,,,,,
16/10/2020,629,2,245,6314,196,0,0,85,53,442,45,,,,,,,
17/10/2020,869,0,302,6875,449,0,0,124,40,650,45,,,,,,,
18/10/2020,871,5,701,7043,298,0,0,89,66,577,81,,,,,,,
19/10/2020,865,7,455,7446,378,0,0,101,47,616,56,,,,,,,
20/10/2020,862,2,634,7670,419,0,0,69,50,646,50,,,,,,,
21/10/2020,732,8,580,7815,219,0,0,115,51,513,50,,,,,,,
22/10/2020,847,5,486,8165,408,0,0,105,87,606,45,,,,,,,
23/10/2020,710,1,467,8399,356,0,0,53,55,561,38,,,,,,,
24/10/2020,1228,11,671,8953,789,0,0,99,93,924,59,,,,,,,
25/10/2020,823,0,579,9191,404,0,0,74,55,606,52,,,,,,,
26/10/2020,1240,2,691,9738,752,0,0,95,47,1028,64,,,,,,,
27/10/2020,835,5,674,9897,404,0,0,72,54,488,46,,,,,,,
28/10/2020,801,2,573,10115,284,0,0,91,63,582,58,,,,,,,
29/10/2020,649,7,685,10075,275,0,0,70,39,511,26,,,,,,,
30/10/2020,799,0,491,10380,392,0,0,70,52,629,46,,,,,,,
31/10/2020,659,1,1000,10034,281,0,0,74,66,471,42,,,,,,,
1/11/2020,957,0,972,10015,396,0,0,106,75,683,50,,,,,,,
2/11/2020,834,3,900,9944,299,0,0,93,71,611,47,,,,,,,
3/11/2020,1054,14,875,10115,589,0,0,104,68,814,55,,,,,,,
4/11/2020,1032,3,820,10320,414,0,0,106,64,765,81,,,,,,,
5/11/2020,1009,9,839,10484,424,0,0,72,56,777,66,,,,,,,
6/11/2020,1755,3,726,11509,1148,0,0,161,113,1376,71,,,,,,,
7/11/2020,1168,0,1029,11646,679,0,0,109,104,875,55,,,,,,,
8/11/2020,852,13,825,11669,345,0,0,111,54,637,40,,,,,,,
9/11/2020,972,5,1345,11295,573,0,0,106,95,656,55,,,,,,,
10/11/2020,869,1,725,11437,471,0,0,92,41,662,40,,,,,,,
11/11/2020,822,7,769,11488,503,0,0,51,30,682,45,,,,,,,
12/11/2020,919,3,996,11411,582,0,0,89,49,696,36,,,,,,,
13/11/2020,1304,4,900,11812,838,0,0,108,87,1025,58,,,,,,,
14/11/2020,1114,2,803,12114,754,0,0,87,50,913,30,,,,,,,
15/11/2020,1208,6,1013,12306,835,0,0,83,57,1018,40,,,,,,,
16/11/2020,1103,1,821,12585,795,0,0,69,29,927,32,,,,,,,
17/11/2020,1210,19,1018,12774,926,0,0,76,40,1000,49,,,,,,,
18/11/2020,660,4,630,12799,456,0,0,51,37,531,30,,,,,,,
19/11/2020,1290,5,878,13207,977,0,0,86,61,1069,51,,,,,,,
20/11/2020,958,5,956,13206,573,0,0,93,55,641,52,,,,,,,
21/11/2020,1041,2,1405,12838,671,0,0,56,35,885,50,,,,,,,
22/11/2020,1096,6,1104,12826,767,0,0,47,27,921,38,,,,,,,
23/11/2020,1884,2,883,13823,1572,0,0,68,34,1158,48,,,,,,,
24/11/2020,2188,0,1673,14338,1896,0,0,52,26,869,42,,,,,,,
25/11/2020,970,5,2348,12956,685,0,0,68,38,775,55,,,,,,,
26/11/2020,935,4,2555,11333,536,0,0,65,36,707,49,,,,,,,
27/11/2020,1109,10,1148,11292,662,0,0,83,48,909,57,,,,,,,
28/11/2020,1315,5,1110,11492,974,0,0,89,59,1125,40,,,,,,,
29/11/2020,1309,1,1333,11462,953,0,0,60,34,1128,56,,,,,,,
30/11/2020,1212,9,2112,10556,749,0,0,61,43,1053,54,,,,,,,
1/12/2020,1472,5,1552,10476,1153,0,0,51,34,1098,37,,,,,,,
2/12/2020,851,4,658,10663,444,0,0,81,43,665,55,,,,,,,
3/12/2020,1075,3,948,10789,648,0,0,87,41,828,48,,,,,,,
4/12/2020,1141,3,1144,10785,666,0,0,93,59,745,65,,,,,,,
5/12/2020,1123,5,1143,10761,638,0,0,77,79,894,69,,,,,,,
6/12/2020,1335,3,1069,11025,870,0,0,74,40,1087,61,,,,,,,
7/12/2020,1600,3,1033,11588,1038,0,0,75,53,1306,84,,,,,,,
8/12/2020,1012,7,1750,10844,444,0,0,79,32,842,51,,,,,,,
9/12/2020,959,6,1068,10732,535,0,0,67,36,672,59,,,,,,,
10/12/2020,2234,5,1112,11846,1790,0,0,82,48,2009,58,,,,,,,
11/12/2020,1810,11,937,12713,1361,0,0,95,67,1458,66,,,,,,,
12/12/2020,1937,2,911,13733,1461,0,0,65,73,1673,63,,,,,,,
13/12/2020,1229,2,1309,13651,746,0,0,88,53,1005,52,,,,,,,
14/12/2020,1371,1,1204,13817,870,0,0,76,49,1175,51,,,,,,,
15/12/2020,1772,12,1084,14500,1039,0,0,115,39,1476,74,,,,,,,
16/12/2020,1295,10,1052,14740,776,0,0,65,39,1116,50,,,,,,,
17/12/2020,1220,6,1297,14659,628,0,0,73,50,954,64,,,,,,,
18/12/2020,1683,8,1214,15126,893,0,0,77,37,1378,59,,,,,,,
19/12/2020,1153,2,998,15277,651,0,0,82,29,977,56,,,,,,,
20/12/2020,1340,3,1067,15546,791,0,0,82,52,1119,62,,,,,,,
21/12/2020,2018,7,1084,16478,1436,0,0,69,34,1848,58,,,,,,,
22/12/2020,2062,4,911,17624,1444,0,0,140,69,1777,56,,,,,,,
23/12/2020,1348,16,710,18259,764,0,0,60,41,1080,55,,,,,,,
24/12/2020,1581,2,1085,18745,847,0,0,86,43,1283,89,,,,,,,
25/12/2020,1247,2,1441,18547,547,0,0,103,47,964,60,,,,,,,
26/12/2020,2335,11,874,20000,1567,0,0,99,63,1794,93,,,,,,,
27/12/2020,1196,5,997,20198,508,0,0,112,45,876,91,,,,,,,
28/12/2020,1594,3,1181,20603,743,0,0,129,51,1300,88,,,,,,,
29/12/2020,1925,10,1123,21402,1098,0,0,127,42,1544,79,,,,,,,
30/12/2020,1870,2,745,22519,920,0,0,141,62,1304,115,,,,,,,
31/12/2020,2525,13,1481,23556,1505,0,0,142,62,2152,88,,,,,,,
1/1/2021,2068,2,2230,23382,944,0,0,121,76,1721,119,0,0,35,17,0,18,671
2/1/2021,2295,9,3321,22347,1091,0,0,116,61,1896,117,0,2,30,33,0,135,882
3/1/2021,1704,5,2726,21317,588,0,0,160,77,1307,118,0,0,41,25,0,83,432
4/1/2021,1741,8,1010,22038,618,0,0,181,74,1343,101,0,0,47,7,0,37,518
5/1/2021,2027,16,1221,22834,776,0,0,176,88,1611,123,0,0,30,14,0,111,590
6/1/2021,2593,4,1129,24281,1603,0,0,138,70,1971,116,0,2,21,12,0,81,1463
7/1/2021,3027,6,2145,25157,1532,0,0,213,97,1599,180,0,2,38,8,0,63,1403
8/1/2021,2643,2,2708,25080,1162,0,0,169,92,2196,149,0,0,75,10,0,131,935
9/1/2021,2451,5,1401,26122,977,0,0,190,107,1993,152,0,1,91,7,0,327,472
10/1/2021,2433,7,1277,27266,751,0,0,213,102,1896,201,0,7,83,13,0,86,492
11/1/2021,2232,5,1006,28489,788,0,0,223,139,1650,176,0,5,127,12,0,197,348
12/1/2021,3309,6,1469,30319,1460,0,0,241,122,2684,177,0,4,208,16,0,439,769
13/1/2021,2985,2,994,32301,1076,0,0,239,119,2358,214,0,10,151,6,0,296,589
14/1/2021,3337,7,1710,33915,1365,0,0,265,129,2624,199,0,1,260,12,0,153,921
15/1/2021,3211,5,1939,35173,1300,0,0,245,143,2478,189,0,15,92,20,0,12,1068
16/1/2021,4029,8,2148,37039,1425,0,0,340,175,3212,249,0,4,114,6,0,110,1168
17/1/2021,3339,15,2676,37691,1326,0,0,295,161,2404,207,0,4,140,13,0,162,937
18/1/2021,3306,7,2293,38688,1195,0,0,245,161,2544,233,0,4,135,40,0,107,854
19/1/2021,3631,7,2944,39365,1088,0,0,296,175,2830,272,0,19,170,12,0,310,513
20/1/2021,4008,5,2374,40979,1432,0,0,293,168,3225,303,0,9,225,48,0,113,966
21/1/2021,3170,8,2490,41644,720,0,0,282,161,2364,310,0,0,157,48,0,26,346
22/1/2021,3631,6,2554,42705,933,1,0,373,171,2714,306,0,15,177,54,0,89,538
23/1/2021,4275,11,4313,42652,1015,0,0,350,176,3322,318,0,7,211,22,0,68,595
24/1/2021,3346,7,4427,41560,1086,0,0,290,191,2432,269,0,24,211,8,0,242,537
25/1/2021,3048,8,3638,40954,757,1,0,258,133,2299,292,0,13,102,29,0,62,505
26/1/2021,3585,2,4076,40443,742,0,0,294,164,2792,279,0,11,209,21,0,59,414
27/1/2021,3680,6,1858,42249,1425,0,0,265,136,2851,252,0,28,124,25,0,64,1170
28/1/2021,4094,8,3281,43050,823,0,0,372,172,3209,290,0,19,129,27,0,27,564
29/1/2021,5725,7,3423,45333,1790,0,0,321,199,4212,394,0,21,150,10,0,419,1116
30/1/2021,5728,5,3805,47243,1741,0,0,340,197,4442,371,0,11,154,9,0,132,1337
31/1/2021,5298,3,4522,48001,1678,0,0,394,196,4169,339,0,8,97,82,0,97,1349
1/2/2021,4214,9,4280,47920,1267,0,0,246,129,3197,262,0,12,89,55,0,116,917
2/2/2021,3455,5,3661,47700,1345,0,0,215,107,2370,208,0,16,62,9,0,77,1089
3/2/2021,4284,6,3804,48160,1792,0,0,220,149,3603,186,0,5,127,14,0,122,1465
4/2/2021,4571,3,4092,48617,1793,0,0,288,155,3498,276,0,11,149,14,0,237,1268
5/2/2021,3391,4,3392,48608,1108,0,0,246,109,2596,224,0,6,88,39,0,145,762
6/2/2021,3847,4,1692,50747,1486,0,0,254,122,2854,251,0,6,120,15,0,133,1020
7/2/2021,3731,8,3369,51097,1604,0,0,196,109,2814,192,0,2,138,11,0,43,1164
8/2/2021,3100,1,2340,51834,1547,0,0,166,87,2630,166,0,1,26,14,0,29,1426
9/2/2021,2764,6,3887,50698,935,0,0,205,111,2166,165,0,1,22,10,0,51,789
10/2/2021,3288,5,1929,52046,1500,0,0,190,120,2282,173,0,0,43,23,0,63,1309
11/2/2021,3384,15,3774,51643,1631,0,0,210,110,2669,186,0,0,94,28,0,93,1388
12/2/2021,3318,7,3505,51450,1716,0,0,158,82,2783,153,0,0,36,11,0,37,1459
13/2/2021,3499,1,3515,51419,1611,0,0,179,114,2622,125,0,0,91,16,0,70,1365
14/2/2021,2464,3,4525,49349,857,0,0,160,130,1897,179,0,11,79,3,0,54,627
15/2/2021,2176,1,4521,46990,689,0,0,178,103,1680,164,0,0,45,9,0,64,497
16/2/2021,2720,0,5718,43980,1581,0,0,182,85,2004,158,0,0,85,11,0,57,1372
17/2/2021,2998,7,5709,41262,1589,0,0,142,86,2376,155,0,0,83,63,0,103,1302
18/2/2021,2712,4,5320,38647,1303,0,0,138,73,2121,189,0,40,35,39,0,43,1118
19/2/2021,2936,9,4889,36685,1435,0,0,181,105,2415,127,0,5,37,11,0,112,1230
20/2/2021,2461,0,4782,34356,1173,0,0,178,87,1860,107,0,20,61,3,0,298,743
21/2/2021,3297,6,4456,33192,2082,1,0,153,89,2867,122,0,7,38,8,0,124,1870
22/2/2021,2192,3,3414,31960,1084,0,0,164,84,1792,104,0,1,88,7,0,110,824
23/2/2021,2468,4,4055,30363,1113,0,0,145,72,1934,123,0,0,74,3,0,175,805
24/2/2021,3545,1,3331,30572,2483,0,0,145,84,2919,173,0,0,70,19,0,29,2338
25/2/2021,1924,6,3752,28738,705,0,0,158,72,1473,155,0,1,76,26,0,105,442
26/2/2021,2253,7,3085,27903,1136,0,0,124,75,1822,173,0,11,140,27,0,95,863
27/2/2021,2364,1,3320,26937,1100,0,0,147,100,1858,162,0,4,157,6,0,52,801
28/2/2021,2437,1,3251,26118,1404,0,0,132,83,2044,113,0,0,114,9,0,85,1131
1/3/2021,1828,7,2486,25456,962,0,0,131,55,1441,102,0,0,56,4,0,113,737
2/3/2021,1555,3,2528,24474,604,0,1,113,55,1207,127,0,1,56,4,0,113,737
3/3/2021,1745,2,2276,23939,867,1,0,112,59,1444,71,0,0,42,3,0,47,665
4/3/2021,2063,9,2922,23077,897,1,0,163,87,1566,131,0,0,105,15,0,99,645
5/3/2021,2154,5,3275,21948,1021,3,0,194,171,1215,118,0,6,65,1,0,81,813
6/3/2021,1680,3,2548,21076,650,2,0,186,83,1142,129,0,0,64,15,0,54,428
7/3/2021,1683,10,2506,20248,649,2,0,125,91,1236,111,0,1,60,1,0,61,454
8/3/2021,1529,9,2076,19695,361,7,0,149,84,1154,110,0,6,34,1,0,34,232
9/3/2021,1280,2,2345,18622,530,3,0,114,46,1027,77,0,0,97,13,0,5,357
10/3/2021,1448,10,2137,17926,765,2,0,131,57,1163,82,8,0,87,2,0,15,587
11/3/2021,1647,5,2104,17465,664,19,0,108,53,1302,111,0,2,88,4,0,116,399
12/3/2021,1575,7,2042,16995,444,5,0,153,82,1118,133,0,0,53,3,0,69,244
13/3/2021,1470,12,1830,16632,518,17,0,132,60,1055,123,0,0,53,0,0,89,270
14/3/2021,1354,14,1782,16200,431,12,1,135,71,1004,102,0,0,48,0,0,64,209
15/3/2021,1208,9,1973,15431,430,15,1,127,80,887,76,0,1,59,1,0,6,238
16/3/2021,1063,4,1365,15126,426,13,0,141,56,764,91,0,1,76,0,0,8,247
17/3/2021,1219,7,1346,14997,607,14,0,103,56,783,80,4,1,88,0,0,39,377
18/3/2021,1213,6,1503,14706,488,13,0,132,69,864,87,0,0,49,2,0,142,195
19/3/2021,1576,11,1996,14285,944,15,0,143,61,1238,96,0,0,80,0,0,298,454
20/3/2021,1671,2,1585,14366,744,21,0,144,68,1334,107,0,0,53,3,0,236,326
21/3/2021,1327,11,1247,14441,632,15,0,116,58,1047,82,3,0,67,0,14,0,343
22/3/2021,1116,8,1495,14060,597,6,0,99,48,899,57,0,0,19,1,10,111,361
23/3/2021,1384,9,1058,14384,762,20,0,119,55,1095,96,2,0,35,0,8,37,592
24/3/2021,1268,5,1083,14565,614,17,0,129,66,983,74,0,0,34,22,7,41,385
25/3/2021,1360,1,1491,14432,591,17,0,171,59,994,118,0,0,110,1,16,62,207
26/3/2021,1275,32,1509,14197,509,10,1,155,71,921,93,0,0,47,0,31,22,300
27/3/2021,1199,5,1257,14131,494,12,0,192,100,794,77,0,0,117,6,32,8,243
28/3/2021,1302,9,1127,14303,650,12,0,134,74,983,100,0,0,28,0,22,283,223
29/3/2021,941,8,1097,14143,345,12,0,95,54,708,73,0,0,26,0,21,63,155
30/3/2021,1133,8,1148,14122,550,15,1,122,71,859,70,0,0,41,1,28,87,213
31/3/2021,1482,2,1070,14525,849,20,0,150,80,1162,82,0,0,47,7,62,39,540
1/4/2021,1178,20,1377,14323,462,8,0,111,74,870,99,0,0,46,3,25,31,270
2/4/2021,1294,26,1442,14173,551,7,0,127,59,918,107,0,0,43,16,23,22,330
3/4/2021,1638,7,1449,14357,898,9,0,142,86,1276,98,0,0,111,4,19,15,624
4/4/2021,1349,7,1270,14430,654,8,0,131,71,890,95,0,0,105,7,18,197,254
5/4/2021,1070,9,1294,14202,367,10,0,124,63,781,91,0,0,97,1,26,14,116
6/4/2021,1300,24,1412,14087,563,10,1,126,96,881,74,0,9,70,0,35,144,176
7/4/2021,1139,13,1199,14025,450,17,0,132,64,814,124,4,1,179,13,8,27,156
8/4/2021,1285,17,1175,14129,438,11,1,94,81,1008,96,0,5,63,0,13,105,186
9/4/2021,1854,20,1247,14729,681,31,2,211,110,1348,172,0,2,190,0,32,58,241
10/4/2021,1510,5,1248,14988,466,13,2,169,107,1079,145,0,2,91,3,8,34,131
11/4/2021,1739,8,1216,15505,742,15,3,162,107,1298,139,0,2,141,0,25,56,339
12/4/2021,1317,12,1052,15759,456,9,0,126,82,914,141,0,0,71,0,3,8,236
13/4/2021,1767,9,1290,16231,668,7,2,176,89,1334,150,0,7,142,1,47,21,342
14/4/2021,1889,6,1485,16630,689,16,4,181,225,1216,165,0,28,116,1,59,94,235
15/4/2021,2148,19,1259,17515,896,10,5,196,237,1501,190,0,33,270,0,118,57,332
16/4/2021,2551,29,1524,18536,990,17,3,223,170,1953,177,0,34,93,0,446,82,227
17/4/2021,2331,12,1832,19024,659,22,3,241,322,1569,166,0,37,99,0,185,39,179
18/4/2021,2195,10,1427,19784,791,17,3,211,209,1518,168,0,19,74,0,183,18,356
19/4/2021,2078,13,1402,20450,628,13,3,207,263,1416,172,0,17,182,0,175,13,171
20/4/2021,2341,7,1592,21189,598,15,3,250,340,1555,184,0,3,121,0,235,4,95
21/4/2021,2340,12,1910,21610,759,15,8,206,417,1499,192,0,14,121,0,325,40,120
22/4/2021,2875,29,2541,21938,983,29,5,304,545,1774,225,0,37,65,1,501,51,152
23/4/2021,2847,4,2341,22429,751,23,13,310,333,1869,242,0,17,131,0,283,62,97
24/4/2021,2717,27,2292,22846,671,28,12,309,374,1772,235,0,19,108,0,242,21,128
25/4/2021,2690,10,1853,23662,846,25,7,289,285,1774,266,0,50,121,0,166,18,349
26/4/2021,2776,4,1803,24621,806,23,7,296,256,1861,274,0,56,113,0,105,17,287
27/4/2021,2733,5,2019,25325,721,22,15,312,313,1815,259,0,17,105,17,161,36,256
28/4/2021,3142,13,1822,26631,677,28,16,377,356,2034,364,0,34,144,18,213,5,57
29/4/2021,3332,9,1943,27998,690,37,11,381,343,2178,361,0,47,138,1,151,45,127
30/4/2021,3788,2,2640,29125,1069,39,19,439,474,2425,387,0,36,208,11,271,42,217
1/5/2021,2881,16,2462,29528,873,40,15,367,273,1894,297,0,41,124,0,260,97,166
2/5/2021,3418,10,2698,30228,1084,38,12,467,390,2172,333,0,26,253,1,306,6,172
3/5/2021,2500,4,2068,30637,737,23,8,301,242,1676,266,0,86,124,0,142,7,245
4/5/2021,3120,6,2334,31409,839,35,22,357,295,2068,347,0,50,152,0,230,70,199
5/5/2021,3744,7,2304,32819,743,48,22,398,312,2589,419,0,34,141,0,126,34,204
6/5/2021,3551,16,2709,33633,924,44,22,383,240,2501,411,0,58,121,9,195,3,360
7/5/2021,4498,5,3449,34651,1132,62,17,626,369,2982,498,0,110,213,2,168,4,376
8/5/2021,4519,5,2719,36422,993,52,16,502,303,3044,521,0,91,124,5,67,10,433
9/5/2021,3733,6,3211,36923,856,43,25,445,236,2610,405,0,54,143,8,83,4,378
10/5/2021,3807,5,3454,37241,782,63,22,465,295,2538,484,0,129,216,0,84,1,210
11/5/2021,3973,5,2848,38322,1001,46,32,453,294,2782,415,0,90,137,18,207,0,181
12/5/2021,4765,7,3124,39913,1004,61,26,474,318,3359,570,0,38,169,4,137,46,382
13/5/2021,4855,3,3347,41383,1062,77,29,471,483,3295,561,0,69,180,3,255,0,323
14/5/2021,4113,1,4190,41262,994,89,24,469,268,2757,574,0,111,215,28,52,0,383
15/5/2021,4140,9,3432,41922,999,92,34,456,229,2790,589,0,169,179,13,57,29,397
16/5/2021,3780,2,3990,41668,914,81,24,418,268,2564,501,0,158,111,3,49,0,262
17/5/2021,4446,3,2784,43279,852,85,33,438,311,2997,662,0,131,203,7,74,0,230
18/5/2021,4865,5,3497,44589,867,87,47,538,326,3345,637,0,158,182,6,74,0,181
19/5/2021,6075,3,3516,47096,1547,101,64,625,384,4230,761,0,267,193,1,107,0,687
20/5/2021,6806,2,3916,49940,1594,117,73,686,476,4760,815,0,359,230,16,158,0,527
21/5/2021,6493,2,4508,51865,1243,106,88,706,420,4569,742,0,310,149,1,75,2,362
22/5/2021,6320,3,4694,53407,1318,127,84,799,433,4183,809,0,240,230,25,38,0,365
23/5/2021,6976,9,3587,56727,1586,135,100,878,446,4612,879,0,336,317,15,50,6,422
24/5/2021,6509,26,3452,59718,1481,117,92,810,477,4482,679,19,244,310,25,45,12,505
25/5/2021,7289,4,3789,63144,1388,130,96,956,537,4939,811,0,278,312,43,43,0,367
26/5/2021,7478,5,4665,65866,1288,125,107,972,497,5113,808,0,259,234,5,63,0,411
27/5/2021,7857,9,4598,69062,1495,147,127,1013,572,5388,817,0,247,311,14,43,48,335
28/5/2021,8290,2,4814,72433,1842,150,113,1100,626,5560,849,0,294,298,7,57,60,625
29/5/2021,9020,6,5527,75851,1704,163,144,1224,607,6125,886,0,328,385,18,30,78,486
30/5/2021,6999,4,5121,77620,1366,141,94,959,486,4639,734,0,161,641,117,399,0,1091
31/5/2021,6824,3,5251,79096,1331,138,102,1022,515,4446,726,0,148,268,14,33,0,620
1/6/2021,7105,2,6083,80024,1362,154,123,990,516,4802,742,0,201,309,22,33,0,469
2/6/2021,7703,2,5777,81863,1434,166,137,1053,522,5248,682,0,145,265,16,24,54,538
3/6/2021,8209,64,7049,82913,1820,142,135,959,544,5743,760,54,197,270,3,22,5,903
4/6/2021,7748,2,6624,83954,1708,181,122,978,498,5275,715,0,83,213,4,70,2,879
5/6/2021,7452,8,6105,85211,1727,155,121,963,482,5033,701,0,148,274,17,8,66,791
6/6/2021,6241,14,5133,86240,1290,164,111,880,380,4266,544,0,64,250,3,35,58,601
7/6/2021,5271,14,7548,83881,1113,147,118,703,374,3650,502,0,66,233,31,34,11,442
8/6/2021,5566,4,6962,82412,1522,143,84,698,366,3872,477,0,72,268,72,31,7,830
9/6/2021,6239,11,7386,81172,1397,152,115,781,417,4268,558,0,47,212,23,28,109,589
10/6/2021,5671,8,7325,79450,1453,155,122,778,402,3882,525,0,66,218,21,48,4,825
11/6/2021,6849,4,7749,78484,2429,195,110,719,414,4770,496,0,39,185,45,22,30,1865
12/6/2021,5793,6,8334,75860,1517,160,108,743,391,3905,489,1,28,233,24,12,44,859
13/6/2021,5304,5,8163,72928,1622,154,89,668,339,3656,407,0,39,201,13,33,0,931
14/6/2021,4949,6,6588,71198,1458,171,89,603,341,3451,460,0,13,144,46,15,35,881
15/6/2021,5419,6,6831,69707,1591,183,98,704,364,3641,530,0,25,218,65,4,3,843
16/6/2021,5150,3,7240,67536,1141,220,91,655,362,3479,487,0,7,130,46,4,2,618
17/6/2021,5738,3,7530,65663,1692,208,105,712,395,4111,446,0,12,239,16,7,31,1094
18/6/2021,6440,5,6861,65162,2338,198,109,718,336,4175,469,0,18,158,49,1,101,1348
19/6/2021,5911,1,6918,64088,2192,269,107,659,338,4175,436,0,10,266,82,23,263,1163
20/6/2021,5293,7,5941,63365,1835,204,74,661,349,3554,375,0,19,192,33,4,78,1116
21/6/2021,4611,8,5439,62456,1783,228,82,565,312,3103,365,0,3,312,16,1,221,917
22/6/2021,4743,2,5557,61554,1469,278,91,657,286,3261,439,0,10,219,36,15,85,826
23/6/2021,5244,7,6372,60342,1704,332,101,659,305,3648,434,0,24,316,32,33,46,805
24/6/2021,5841,8,5411,60692,1881,377,114,769,389,3989,511,0,11,372,43,5,79,1059
25/6/2021,5812,32,6775,59651,2146,321,130,593,322,4108,416,0,0,386,33,17,84,1318
26/6/2021,5803,10,5193,60174,2060,396,114,587,332,4277,447,0,13,225,16,21,203,1133
27/6/2021,5586,3,4777,60911,2131,414,131,585,325,4158,412,0,2,240,58,4,202,1325
28/6/2021,5218,7,4744,61294,1770,343,111,668,355,3734,375,0,1,278,12,18,111,1074
29/6/2021,6437,14,5298,62342,2351,424,161,761,370,4176,512,0,2,444,32,5,86,1332
30/6/2021,6276,16,4929,63580,1685,504,169,800,381,4389,496,0,8,259,62,9,104,877
1/7/2021,6988,5,5580,64890,2268,641,175,832,377,4833,492,0,0,305,41,23,209,1341
2/7/2021,6982,3,6278,65487,2198,588,202,758,423,5069,515,0,10,339,99,2,13,1358
3/7/2021,6658,11,5677,66352,1917,591,183,818,411,4549,472,0,0,244,13,3,187,1152
4/7/2021,6045,20,5271,67013,1799,586,157,852,379,4202,451,0,7,297,73,10,34,1121
5/7/2021,6387,26,4532,68769,1947,623,211,759,351,4680,425,0,0,350,55,0,40,1182
6/7/2021,7654,11,4797,71515,2463,734,210,960,402,4974,501,0,0,288,42,45,46,1746
7/7/2021,7097,26,4863,73594,2106,728,209,836,475,5018,457,0,1,370,82,92,166,927
8/7/2021,8868,10,5802,76502,2704,1029,295,896,500,6520,662,0,6,474,75,23,25,1645
9/7/2021,9180,7,5713,79787,2343,1017,288,1113,516,6462,612,0,2,339,41,5,169,1462
10/7/2021,9353,11,5910,83081,3016,1102,336,940,488,6442,629,0,12,359,73,13,80,2135
11/7/2021,9105,18,5194,86808,2199,1208,337,1169,554,6482,640,0,4,496,54,1,15,1271
12/7/2021,8574,40,5041,90165,1843,1093,322,1186,581,5970,633,0,3,356,52,7,138,931
13/7/2021,11079,27,5990,95061,2700,1468,456,1542,719,7592,738,0,6,587,41,0,214,1375
14/7/2021,11618,26,6377,100125,2304,1767,516,1947,613,7931,806,0,0,430,189,3,97,1070
15/7/2021,13215,13,6095,107036,2828,1878,507,1800,882,9272,762,0,1,654,67,54,195,1207
16/7/2021,12541,16,6742,112623,2785,1863,535,1514,732,9010,770,0,2,468,99,36,179,1518
17/7/2021,12528,19,6629,118260,3206,1917,477,1615,806,8691,789,0,0,425,100,41,268,1772
18/7/2021,10710,12,5778,122957,2164,1625,452,1402,649,7611,668,0,0,375,69,34,358,1015
19/7/2021,10972,48,6439,127269,2480,1851,486,1467,697,7971,690,4,0,416,55,22,247,1358
20/7/2021,12366,8,7567,131793,2650,2172,539,1619,840,8788,821,0,0,369,128,20,369,1062
21/7/2021,11985,7,7902,135606,2149,2244,581,1868,897,8020,880,0,19,463,107,89,77,952
22/7/2021,13034,25,8436,139940,2589,2647,732,1824,886,9122,846,0,2,611,72,52,191,1163
23/7/2021,15573,32,10094,145130,2214,3335,786,2098,1102,10897,1082,0,19,474,142,17,101,864
24/7/2021,15902,26,9471,151263,2922,3450,777,2063,976,11374,1208,8,3,515,89,36,123,1298
25/7/2021,17045,6,9683,158322,3134,3618,902,2132,1056,12041,1034,0,3,711,87,28,114,1552
26/7/2021,14516,3,9371,163199,2902,2763,708,2002,960,9727,871,0,7,559,57,19,29,1504
27/7/2021,16117,26,11526,167517,2958,3529,921,2230,1124,11404,1079,0,1,619,90,30,95,1365
28/7/2021,17405,6,12373,172229,2951,4154,1102,2473,1185,11987,1195,0,6,621,125,25,74,1580
29/7/2021,17170,32,12930,176181,2423,4184,1103,2453,1171,12148,1047,0,2,567,77,19,266,968
30/7/2021,16840,17,12179,180515,3075,4157,1115,2337,1174,11633,1068,0,5,822,84,9,61,1569
31/7/2021,17786,9,11718,186271,3046,4435,1238,2718,1393,12186,1147,0,49,825,64,8,84,1283
1/8/2021,17150,1,11326,191770,3000,4700,1179,2547,1286,11692,1206,0,2,626,140,13,24,1525
2/8/2021,15764,6,11767,195393,2625,4310,1128,2281,1136,10749,1035,0,18,559,58,45,106,1256
3/8/2021,17105,37,12297,199862,2400,4749,1331,2493,1270,11722,1147,0,20,556,81,20,44,906
4/8/2021,19819,23,12704,206671,2953,5570,1546,2831,1393,13734,1313,0,23,748,36,29,74,1169
5/8/2021,20596,34,13893,213064,3084,6600,1716,2689,1408,14649,1292,0,12,682,65,41,165,1346
6/8/2021,20889,13,16394,217202,2657,6943,1836,2808,1336,14806,1320,0,16,492,64,22,92,1260
7/8/2021,19257,16,16322,219805,2771,6368,1715,2589,1380,13305,1388,0,20,579,32,14,97,1080
8/8/2021,18688,10,17055,221119,2585,5975,1723,2611,1321,13051,1321,0,88,475,80,12,106,1172
9/8/2021,17236,29,15187,222865,2392,5568,1648,2363,1269,11801,1140,0,17,534,14,4,182,933
10/8/2021,19991,0,16258,226192,2866,6610,1923,2772,1470,13452,1401,0,32,716,24,29,49,1236
11/8/2021,20780,15,17973,228713,2659,6597,2075,2980,1454,14497,1373,0,33,654,69,8,17,1262
12/8/2021,21668,58,17687,232400,2544,7001,2426,2946,1512,15088,1509,0,11,621,33,15,81,1120
13/8/2021,21468,25,17025,236580,2692,7206,2405,2758,1466,14615,1534,0,15,391,144,43,33,1230
14/8/2021,20670,8,17655,239320,2402,6831,2390,2810,1481,14256,1500,0,6,517,83,19,71,1150
15/8/2021,20546,14,16945,242632,2600,6840,2491,5766,27,12926,1359,0,9,555,48,28,259,1112
16/8/2021,19740,19,17450,244631,3058,6354,2682,3525,978,13195,1329,0,12,615,71,16,52,1571
17/8/2021,19631,7,16467,247545,2265,6198,2722,2850,1431,13404,1422,0,13,561,55,2,175,1042
18/8/2021,22242,4,19680,249834,2878,7149,3201,3096,1623,15079,1523,0,24,556,61,4,80,1395
19/8/2021,22948,9,21720,250805,2343,7150,3310,3062,1685,16041,1624,0,27,481,44,10,136,1131
20/8/2021,23564,23,21448,252689,3031,7200,4229,3469,1840,15921,1643,0,6,764,31,33,38,1588
21/8/2021,22262,40,18576,256129,2331,6889,3912,3184,1701,14914,1687,0,21,601,61,12,183,1104
22/8/2021,19807,5,18200,257434,2177,5875,3416,3026,1581,13223,1449,0,7,416,36,4,97,1033
23/8/2021,17672,8,19053,255782,2010,5196,3378,2634,1374,11752,1476,0,6,588,93,5,73,904
24/8/2021,20837,22,18613,257821,2514,6269,3926,3081,1592,13920,1523,0,10,457,29,2,76,1480
25/8/2021,22642,5,20798,259431,2499,6907,4501,3263,1762,14990,1767,0,11,424,68,3,186,1384
26/8/2021,24599,8,22657,261104,3394,7290,4875,3480,1723,16440,1838,0,24,542,93,35,73,1944
27/8/2021,22070,15,21877,261062,2126,6455,5027,3070,1718,14957,1658,0,2,474,17,3,150,1022
28/8/2021,22597,12,19492,263929,2551,6762,5292,3283,1742,14810,1781,0,6,467,84,7,92,1505
29/8/2021,20579,7,20845,263418,2595,5632,4891,3124,1689,13617,1489,0,12,392,16,4,81,1458
30/8/2021,19268,16,21257,261158,2097,5228,4637,3014,1584,12553,1603,0,4,460,37,72,89,1034
31/8/2021,20897,1,18465,263335,1454,5819,5548,3003,1676,14045,1723,0,1,260,38,11,43,734
1/9/2021,18762,5,21073,260757,2107,4918,5458,2861,1488,12403,1595,0,3,515,42,16,23,1109
2/9/2021,20988,1,23473,258047,2142,5133,6233,3100,1797,13856,1866,0,5,351,112,52,81,1110
3/9/2021,19378,14,22399,254810,2223,4731,5986,3036,1488,12754,1678,0,5,562,64,12,102,1191
4/9/2021,19057,10,21582,252062,1760,4506,6176,2959,1652,12252,1757,0,4,250,8,100,54,886
5/9/2021,20396,8,20573,251636,2347,4652,6822,3146,1641,13505,1797,0,6,447,98,23,41,1385
6/9/2021,17352,8,20201,248555,1758,4030,5946,2701,1436,11345,1534,0,0,204,63,23,71,1015
7/9/2021,18547,18,18902,247975,2177,4181,6099,2931,1577,11981,1649,0,0,592,66,19,74,1082
8/9/2021,19733,3,22701,244761,2095,4467,6969,3021,1612,12987,1826,0,1,466,48,58,85,1038
9/9/2021,19307,6,24855,239004,1577,4320,6873,2993,1610,12834,1673,0,0,332,0,74,39,918
10/9/2021,21176,4,21476,238492,2162,4734,7906,3391,1822,13598,1941,0,0,326,36,40,23,1446
11/9/2021,19550,7,21771,236061,2144,3990,7255,3123,1646,12714,1738,0,0,551,99,51,38,1052
12/9/2021,19198,5,20980,234056,1916,3792,7837,3036,1701,12338,1882,0,2,544,12,9,69,947
13/9/2021,16073,21,24813,225139,1547,3284,6361,2591,1414,10263,1514,0,20,427,42,11,32,674
14/9/2021,15669,17,18053,222564,1041,3466,6117,2650,1319,10053,1417,0,6,360,35,5,20,498
15/9/2021,19495,11,18760,223092,1389,3479,8383,3318,1711,12370,1875,0,16,485,91,39,15,556
16/9/2021,18815,7,16939,224788,1627,3758,7907,3160,1517,12145,1725,0,4,456,47,45,54,775
17/9/2021,17577,3,22970,219208,1742,3740,7216,2682,1413,11600,1601,0,3,432,31,13,20,1055
18/9/2021,15549,5,17205,217386,1251,3166,6639,2525,1309,9952,1540,0,1,331,48,23,22,693
19/9/2021,14954,11,23469,208717,1216,2886,6399,2420,1269,9596,1412,0,8,196,39,3,72,720
20/9/2021,14345,43,16814,206102,1157,2591,6477,2416,1249,9024,1449,24,4,447,7,1,10,523
21/9/2021,15759,27,16650,205062,1223,2812,7310,2540,1416,9968,1554,0,3,301,45,15,2,622
22/9/2021,14990,5,19702,200206,991,2756,6822,2534,1309,9483,1470,0,8,210,35,49,17,595
23/9/2021,13754,4,16628,197184,1111,2205,6341,2422,1132,8790,1329,0,1,303,20,7,6,658
24/9/2021,14554,9,16751,194841,1079,2240,7189,2413,1269,9236,1491,0,0,405,45,34,4,582
25/9/2021,13899,6,18074,190508,898,1913,6853,2363,1171,8608,1504,0,3,284,72,23,24,470
26/9/2021,13104,8,20971,182520,825,2009,6601,2203,1133,8245,1360,0,0,222,6,51,5,541
27/9/2021,10959,12,16430,176921,797,1494,5658,1826,960,6781,1301,0,0,256,66,30,15,430
28/9/2021,11332,23,14160,173988,715,1584,5796,1945,985,7081,1240,0,3,298,0,3,56,355
29/9/2021,12434,8,17000,169306,710,1649,6736,1950,960,7990,1386,0,0,328,18,7,13,344
30/9/2021,12735,17,17725,164196,764,1678,6844,2242,1115,7935,1281,0,0,294,24,11,3,432
1/10/2021,11889,14,15891,160104,868,1479,6582,2081,921,7473,1277,0,6,439,22,8,0,393
2/10/2021,10915,7,15396,155499,656,1306,5885,1951,938,6756,1166,0,0,194,79,1,2,380
3/10/2021,9066,12,14454,150019,388,1124,4944,1700,764,5348,1087,0,1,224,17,1,5,140
4/10/2021,8075,6,15456,142562,731,1097,4287,1353,641,5050,948,0,5,73,25,8,7,613
5/10/2021,8817,14,15615,135685,619,1062,5106,1386,686,5624,1007,0,0,199,30,10,3,377
6/10/2021,9380,13,13045,131981,426,1044,5338,1656,752,5877,1024,0,2,147,35,6,2,234
7/10/2021,9890,18,12884,128974,697,1147,5647,1731,766,6167,1164,0,0,240,111,41,5,300
8/10/2021,9751,15,12724,125999,382,1033,5687,1728,757,6033,1132,0,0,157,17,16,8,184
9/10/2021,8743,14,14422,120246,,,,,,,,0,0,271,105,42,0,203
10/10/2021,7373,2,10959,116596,,,,,,,,0,1,142,48,15,3,125
11/10/2021,6709,6,10833,112379,,,,,,,,0,5,137,28,7,0,105
